Ticker,Sector,Industry,Prev Year Last Close,Latest Close,Pct Change
A,Healthcare,Diagnostics & Research,133.50538635253906,142.94000244140625,0.07066843029054877
AA,Basic Materials,Aluminum,37.302852630615234,44.4900016784668,0.19267022602858308
AAL,Industrials,Airlines,17.43000030517578,14.885000228881836,-0.146012623736915
AAON,Industrials,Building Products & Equipment,117.14509582519533,84.80999755859375,-0.2760260516142496
AAPL,Technology,Consumer Electronics,249.2925262451172,276.3699951171875,0.10861725090565434
ABBV,Healthcare,Drug Manufacturers - General,171.69651794433594,223.58999633789062,0.30223955042803236
ABNB,Consumer Cyclical,Travel Services,131.41000366210938,121.37999725341797,-0.07632604922895568
ABT,Healthcare,Medical Devices,111.00659942626952,122.33000183105469,0.10200656954910292
ACGL,Financial Services,Insurance - Diversified,92.3499984741211,91.36000061035156,-0.010720063672193289
ACI,Consumer Defensive,Grocery Stores,19.068851470947266,,
ACM,Industrials,Engineering & Construction,105.81190490722656,101.75,-0.03838797638874328
ACN,Technology,Information Technology Services,346.8381652832031,266.010009765625,-0.23304285285784412
ADBE,Technology,Software - Application,444.6799926757813,339.25,-0.2370918287584189
ADC,Real Estate,REIT - Retail,67.80284881591797,73.26000213623047,0.08048560518642002
ADI,Technology,Semiconductors,209.75131225585932,277.8550109863281,0.3246878314992108
ADM,Consumer Defensive,Farm Products,48.62275314331055,58.07500076293945,0.19439967933879396
ADP,Technology,Software - Application,288.23370361328125,259.3299865722656,-0.10027875532486409
ADSK,Technology,Software - Application,295.57000732421875,299.76251220703125,0.014184473319086222
AEE,Utilities,Utilities - Regulated Electric,87.22351837158203,99.19000244140625,0.1371933200268951
AEP,Utilities,Utilities - Regulated Electric,89.12403869628906,116.41999816894531,0.30626932836463566
AES,Utilities,Utilities - Diversified,12.125310897827148,13.898300170898438,0.14622217013742783
AFG,Financial Services,Insurance - Property & Casualty,129.6206817626953,133.41000366210938,0.0292339297084659
AFL,Financial Services,Insurance - Life,101.2165756225586,108.43000030517578,0.07126722711422673
AGCO,Industrials,Farm & Heavy Construction Machinery,92.43858337402344,105.52999877929688,0.14162284759712482
AIG,Financial Services,Insurance - Diversified,71.6487045288086,76.36499786376953,0.06582524228424262
AIT,Industrials,Industrial Distribution,237.73301696777344,256.364990234375,0.07837351960719563
AIZ,Financial Services,Insurance - Property & Casualty,209.99395751953125,222.16000366210938,0.05793522007149457
AJG,Financial Services,Insurance Brokers,282.1337280273437,237.94000244140625,-0.15664105775277706
AKAM,Technology,Software - Infrastructure,95.6500015258789,,
ALB,Basic Materials,Specialty Chemicals,84.5846939086914,126.5073013305664,0.49562876549662954
ALE,Utilities,Utilities - Diversified,62.66658401489258,67.47000122070312,0.07665037565585234
ALGM,Technology,Semiconductors,21.86000061035156,28.700000762939453,0.312900272717691
ALGN,Healthcare,Medical Instruments & Supplies,208.509994506836,157.17999267578125,-0.24617525866066767
ALK,Industrials,Airlines,64.75,48.94499969482422,-0.24409266880580358
ALL,Financial Services,Insurance - Property & Casualty,189.0786590576172,201.4550018310547,0.06545605323796011
ALLE,Industrials,Security & Protection Services,129.66812133789062,158.8000030517578,0.2246649478167036
ALLY,Financial Services,Credit Services,34.86104202270508,42.939998626708984,0.23174742162733009
ALV,Consumer Cyclical,Auto Parts,91.84928131103516,117.82499694824219,0.28280804450982894
AM,Energy,Oil & Gas Midstream,14.304438591003418,18.75,0.31078195629380084
AMAT,Technology,Semiconductor Equipment & Materials,161.0181884765625,267.7099914550781,0.6626071500863114
AMCR,Consumer Cyclical,Packaging & Containers,9.16370677947998,8.239999771118164,-0.1008005854607053
AMD,Technology,Semiconductors,120.79000091552734,,
AME,Industrials,Specialty Industrial Machinery,179.3336944580078,199.30999755859375,0.11139180041407959
AMG,Financial Services,Asset Management,184.88330078125,268.8599853515625,0.4542145462324471
AMGN,Healthcare,Drug Manufacturers - General,252.4235382080078,322.06500244140625,0.27589132427107843
AMH,Real Estate,REIT - Residential,36.46881103515625,30.625,-0.1602413368925783
AMKR,Technology,Semiconductor Equipment & Materials,25.327970504760746,45.01499938964844,0.777284104985326
AMP,Financial Services,Asset Management,525.6958618164062,475.3699951171875,-0.09573190575503242
AMT,Real Estate,REIT - Specialty,178.9155731201172,181.5050048828125,0.014472925511950072
AMZN,Consumer Cyclical,Internet Retail,219.38999938964844,227.08999633789062,0.03509730147073194
AN,Consumer Cyclical,Auto & Truck Dealerships,169.83999633789062,216.5,0.27472918433936466
ANET,Technology,Computer Hardware,110.52999877929688,129.875,0.17502036944133753
ANF,Consumer Cyclical,Apparel Retail,149.47000122070312,96.40499877929688,-0.35502108789744363
AON,Financial Services,Insurance Brokers,357.004150390625,343.7099914550781,-0.037238107514998744
AOS,Industrials,Specialty Industrial Machinery,66.83436584472656,66.77999877929688,-0.0008134597335148835
APA,Energy,Oil & Gas E&P,21.930295944213867,26.415000915527344,0.2044981509926559
APD,Basic Materials,Specialty Chemicals,282.8334045410156,233.09500122070312,-0.1758575985783164
APG,Industrials,Engineering & Construction,23.979999542236328,,
APH,Technology,Electronic Components,69.05247497558594,,
APO,Financial Services,Asset Management,162.86807250976562,136.9199981689453,-0.15931958879948344
APP,Communication Services,Advertising Agencies,323.8299865722656,,
APPF,Technology,Software - Application,246.72000122070312,232.69500732421875,-0.056845792100731755
APTV,Consumer Cyclical,Auto Parts,60.47999954223633,76.58000183105469,0.26620374356277715
AR,Energy,Oil & Gas E&P,35.04999923706055,37.00579833984375,0.05580026092312193
ARE,Real Estate,REIT - Office,92.99510955810548,44.95000076293945,-0.516641240850911
ARMK,Industrials,Specialty Business Services,37.0093002319336,37.0,-0.0002512944550509528
ARW,Technology,Electronics & Computer Distribution,113.12000274658205,112.45999908447266,-0.0058345442546352076
ASB,Financial Services,Banks - Regional,23.03162384033203,26.040000915527344,0.13061940816900486
ASGN,Technology,Information Technology Services,83.33999633789062,45.38999938964844,-0.4553635543056555
ASH,Basic Materials,Specialty Chemicals,69.34626007080078,57.61000061035156,-0.1692414190536994
ATI,Industrials,Metal Fabrication,55.040000915527344,100.06999969482422,0.8181322316546956
ATO,Utilities,Utilities - Regulated Gas,136.203369140625,168.25,0.2352851552907478
ATR,Healthcare,Medical Instruments & Supplies,155.1720733642578,119.75499725341797,-0.22824388011946084
AVAV,Industrials,Aerospace & Defense,153.88999938964844,281.364990234375,0.8283513636383918
AVB,Real Estate,REIT - Residential,214.343978881836,176.0800018310547,-0.17851668729111142
AVGO,Technology,Semiconductors,230.20339965820312,,
AVNT,Basic Materials,Specialty Chemicals,39.97865676879883,30.100000381469727,-0.24709825656370868
AVT,Technology,Electronics & Computer Distribution,50.91828536987305,49.34000015258789,-0.030996432928179163
AVTR,Healthcare,Medical Instruments & Supplies,21.06999969482422,10.654999732971191,-0.49430470397260806
AVY,Consumer Cyclical,Packaging & Containers,183.21348571777344,175.5,-0.042101080537572874
AWK,Utilities,Utilities - Regulated Water,121.50308990478516,128.5500030517578,0.05799781019968223
AXON,Industrials,Aerospace & Defense,594.3200073242188,551.7849731445312,-0.07156924494464043
AXP,Financial Services,Credit Services,293.6269226074219,362.54998779296875,0.23473006008272873
AXTA,Basic Materials,Specialty Chemicals,34.220001220703125,28.299999237060547,-0.172998298435506
AYI,Industrials,Electrical Equipment & Parts,291.4556884765625,370.239990234375,0.2703131380609439
AZO,Consumer Cyclical,Auto Parts,3202.0,3802.010009765625,0.18738601179438633
BA,Industrials,Aerospace & Defense,177.0,205.27499389648438,0.1597457282287253
BAC,Financial Services,Banks - Diversified,43.17835235595703,,
BALL,Consumer Cyclical,Packaging & Containers,54.28774642944336,47.724998474121094,-0.12088820013650282
BAX,Healthcare,Medical Instruments & Supplies,28.641864776611328,18.136999130249023,-0.3667661211409837
BBWI,Consumer Cyclical,Specialty Retail,37.54658508300781,19.565000534057617,-0.4789139813699859
BBY,Consumer Cyclical,Specialty Retail,82.49762725830078,72.83000183105469,-0.11718670886105215
BC,Consumer Cyclical,Recreational Vehicles,62.886627197265625,71.41000366210938,0.13553559547894398
BCO,Industrials,Security & Protection Services,91.79251098632812,113.5199966430664,0.2367021603753104
BDC,Technology,Communication Equipment,112.46075439453124,121.91999816894531,0.08411150916905162
BDX,Healthcare,Medical Instruments & Supplies,223.27444458007807,189.88999938964844,-0.1495220165174622
BEN,Financial Services,Asset Management,19.41181182861328,23.06999969482422,0.18845164472585282
BF-B,Consumer Defensive,Beverages - Wineries & Distilleries,37.14267349243164,30.240999221801758,-0.1858152260374095
BG,Consumer Defensive,Farm Products,75.13372802734375,92.4000015258789,0.22980722442324925
BHF,Financial Services,Insurance - Life,48.040000915527344,65.37999725341797,0.36094912588326045
BIIB,Healthcare,Drug Manufacturers - General,152.9199981689453,,
BILL,Technology,Software - Application,84.70999908447266,54.32500076293945,-0.3586943530861491
BIO,Healthcare,Medical Devices,328.510009765625,310.8399963378906,-0.05378835622190332
BJ,Consumer Defensive,Discount Stores,89.3499984741211,91.47000122070312,0.023726947764817912
BK,Financial Services,Banks - Diversified,75.16535186767578,114.2300033569336,0.5197162059193025
BKH,Utilities,Utilities - Regulated Gas,56.01607131958008,70.58000183105469,0.2599955721347398
BKNG,Consumer Cyclical,Travel Services,4941.2109375,5160.7099609375,0.04442211154591091
BKR,Energy,Oil & Gas Equipment & Services,40.16145706176758,47.56999969482422,0.18446897037780374
BLD,Industrials,Engineering & Construction,311.3399963378906,,
BLDR,Industrials,Building Products & Equipment,142.92999267578125,107.16000366210938,-0.2502623021524363
BLK,Financial Services,Asset Management,1009.407958984375,1059.1600341796875,0.049288372211143454
BLKB,Technology,Software - Application,73.91999816894531,61.474998474121094,-0.16835768402457177
BMRN,Healthcare,Biotechnology,65.7300033569336,,
BMY,Healthcare,Drug Manufacturers - General,53.88168716430664,51.88999938964844,-0.036964094472111776
BR,Technology,Information Technology Services,223.5097503662109,227.44000244140625,0.01758425334356016
BRBR,Consumer Defensive,Packaged Foods,75.33999633789062,30.59000015258789,-0.5939739628417886
BRK-B,Financial Services,Insurance - Diversified,453.2799987792969,495.8399963378906,0.0938933940902085
BRKR,Healthcare,Medical Devices,58.39059448242188,45.66999816894531,-0.21785351607108613
BRO,Financial Services,Insurance Brokers,101.36500549316406,77.91999816894531,-0.23129291228420892
BRX,Real Estate,REIT - Retail,26.664321899414062,24.81999969482422,-0.06916816454388709
BSX,Healthcare,Medical Devices,89.31999969482422,93.80999755859375,0.050268673075574484
BSY,Technology,Software - Application,46.4163818359375,42.04100036621094,-0.0942637339806387
BURL,Consumer Cyclical,Apparel Retail,285.0599975585937,264.6199951171875,-0.07170421180265667
BWXT,Industrials,Aerospace & Defense,110.53144073486328,177.77000427246094,0.6083207012463161
BX,Financial Services,Asset Management,167.25454711914062,151.25,-0.09568975788586535
BXP,Real Estate,REIT - Office,71.56547546386719,68.3949966430664,-0.04430179217353945
BYD,Consumer Cyclical,Resorts & Casinos,72.0182113647461,79.66000366210938,0.10610916534236567
C,Financial Services,Banks - Diversified,68.48985290527344,,
CACI,Technology,Information Technology Services,404.05999755859375,590.2000122070312,0.46067419633997514
CADE,Financial Services,Banks - Regional,33.57939147949219,,
CAG,Consumer Defensive,Packaged Foods,25.96058654785156,17.094999313354492,-0.3415018076789472
CAH,Healthcare,Medical Distribution,116.59376525878906,199.38999938964844,0.7101257425479536
CAR,Industrials,Rental & Leasing Services,80.61000061035156,132.41000366210938,0.6426002066684751
CARR,Industrials,Building Products & Equipment,67.58033752441406,,
CART,Consumer Cyclical,Internet Retail,41.41999816894531,44.459999084472656,0.07339452076090597
CASY,Consumer Cyclical,Specialty Retail,394.4652099609375,564.3200073242188,0.43059512746409595
CAT,Industrials,Farm & Heavy Construction Machinery,357.36346435546875,,
CAVA,Consumer Cyclical,Restaurants,112.8000030517578,53.380001068115234,-0.5267730529792446
CB,Financial Services,Insurance - Property & Casualty,274.5050964355469,,
CBOE,Financial Services,Financial Data & Stock Exchanges,194.26806640625,254.25999450683594,0.3088100335292979
CBRE,Real Estate,Real Estate Services,131.2899932861328,156.9199981689453,0.19521674303809722
CBSH,Financial Services,Banks - Regional,58.26185607910156,52.36000061035156,-0.1012987890522593
CBT,Basic Materials,Specialty Chemicals,89.17593383789062,64.5801010131836,-0.27581245035705276
CCI,Real Estate,REIT - Specialty,87.33346557617188,90.51499938964844,0.03642972132717718
CCK,Consumer Cyclical,Packaging & Containers,81.80550384521484,95.93000030517578,0.17265948861687916
CCL,Consumer Cyclical,Travel Services,24.920000076293945,,
CDNS,Technology,Software - Application,300.4599914550781,,
CDP,Real Estate,REIT - Office,29.951719284057617,29.239999771118164,-0.0237622256735786
CDW,Technology,Information Technology Services,171.45469665527344,144.84500122070312,-0.1551995713950708
CEG,Utilities,Utilities - Independent Power Producers,222.4636688232422,,
CELH,Consumer Defensive,Beverages - Non-Alcoholic,26.34000015258789,,
CF,Basic Materials,Agricultural Inputs,83.31189727783203,77.54000091552734,-0.06928057757532906
CFG,Financial Services,Banks - Regional,42.14363861083984,55.77000045776367,0.32333140412368133
CFR,Financial Services,Banks - Regional,130.21861267089844,125.5,-0.03623608464347405
CG,Financial Services,Asset Management,49.1767578125,56.45500183105469,0.14800170532398674
CGNX,Technology,Scientific & Technical Instruments,35.54041290283203,38.494998931884766,0.08313313739856125
CHD,Consumer Defensive,Household & Personal Products,103.40009307861328,,
CHDN,Consumer Cyclical,Gambling,133.5399932861328,113.43499755859375,-0.15055411665672763
CHE,Healthcare,Medical Care Facilities,527.3967895507812,413.010009765625,-0.216889412395906
CHH,Consumer Cyclical,Lodging,140.6837615966797,,
CHRD,Energy,Oil & Gas E&P,110.84283447265624,97.29000091552734,-0.12227072342211019
CHRW,Industrials,Integrated Freight & Logistics,101.50599670410156,153.47000122070312,0.5119303903599013
CHTR,Communication Services,Telecom Services,342.7699890136719,203.32000732421875,-0.40683252956515675
CHWY,Consumer Cyclical,Internet Retail,33.4900016784668,34.44499969482422,0.028515914257820442
CI,Healthcare,Healthcare Plans,270.5784606933594,,
CIEN,Technology,Communication Equipment,84.80999755859375,209.00999450683594,1.4644499531135415
CINF,Financial Services,Insurance - Property & Casualty,141.1957244873047,161.86000061035156,0.14635199612510122
CIVI,Energy,Oil & Gas E&P,43.79105758666992,,
CL,Consumer Defensive,Household & Personal Products,88.76374816894531,,
CLF,Basic Materials,Steel,9.399999618530272,,
CLH,Industrials,Waste Management,230.13999938964844,238.8249969482422,0.037737888162106235
CLX,Consumer Defensive,Household & Personal Products,156.5342559814453,101.35769653320312,-0.3524887194965331
CMA,Financial Services,Banks - Regional,59.71842956542969,83.88999938964844,0.40475896637126896
CMC,Basic Materials,Steel,48.91249084472656,,
CMCSA,Communication Services,Telecom Services,36.16373825073242,,
CME,Financial Services,Financial Data & Stock Exchanges,228.93893432617188,271.2449951171875,0.18479190058053518
CMG,Consumer Cyclical,Restaurants,60.29999923706055,33.62289810180664,-0.44240632624847676
CMI,Industrials,Specialty Industrial Machinery,341.7611389160156,506.80999755859375,0.4829362962859778
CMS,Utilities,Utilities - Regulated Electric,64.6697998046875,70.69100189208984,0.09310686140342599
CNC,Healthcare,Healthcare Plans,60.58000183105469,38.025001525878906,-0.3723175903506423
CNH,Industrials,Farm & Heavy Construction Machinery,11.121880531311035,9.414999961853027,-0.15347050030367504
CNM,Industrials,Industrial Distribution,50.90999984741211,51.064998626708984,0.0030445645209475286
CNO,Financial Services,Insurance - Life,36.73532485961914,39.93000030517578,0.08696467113778947
CNP,Utilities,Utilities - Regulated Electric,30.983470916748047,38.150001525878906,0.23130173596067338
CNX,Energy,Oil & Gas E&P,36.66999816894531,40.904998779296875,0.11548952336567209
CNXC,Technology,Information Technology Services,42.16501235961914,38.31999969482422,-0.09118964870687998
COF,Financial Services,Credit Services,176.07440185546875,230.42999267578125,0.30870808162637103
COHR,Technology,Scientific & Technical Instruments,94.7300033569336,182.0850067138672,0.922147157831171
COIN,Financial Services,Financial Data & Stock Exchanges,248.3000030517578,,
COKE,Consumer Defensive,Beverages - Non-Alcoholic,125.00792694091795,164.64500427246094,0.3170765110781856
COLB,Financial Services,Banks - Regional,25.55692672729492,,
COLM,Consumer Cyclical,Apparel Manufacturing,82.28621673583984,53.96500015258789,-0.3441793499167719
COO,Healthcare,Medical Instruments & Supplies,91.93000030517578,78.12999725341797,-0.15011425003749135
COP,Energy,Oil & Gas E&P,95.85409545898438,92.70999908447266,-0.03280085592020496
COR,Healthcare,Medical Distribution,222.95950317382807,338.5899963378906,0.5186165717005229
COST,Consumer Defensive,Discount Stores,911.513671875,,
COTY,Consumer Defensive,Household & Personal Products,6.960000038146973,3.384999990463257,-0.5136494293232104
CPAY,Technology,Software - Infrastructure,338.4200134277344,304.3399963378906,-0.10070331463160094
CPB,Consumer Defensive,Packaged Foods,40.08292388916016,,
CPRI,Consumer Cyclical,Luxury Goods,21.059999465942383,26.290000915527344,0.2483381568001826
CPRT,Industrials,Specialty Business Services,57.38999938964844,,
CPT,Real Estate,REIT - Residential,112.85865020751952,102.87999725341797,-0.08841726297233965
CR,Industrials,Specialty Industrial Machinery,150.9600830078125,186.98500061035156,0.23863869762627712
CRL,Healthcare,Diagnostics & Research,184.6000061035156,187.5,0.01570960888732698
CRM,Technology,Software - Application,332.6976623535156,257.45001220703125,-0.2261742676945179
CROX,Consumer Cyclical,Footwear & Accessories,109.52999877929688,85.41999816894531,-0.2201223489368721
CRS,Industrials,Metal Fabrication,169.05728149414062,305.1549987792969,0.8050390736341828
CRUS,Technology,Semiconductors,99.58000183105467,122.53500366210938,0.2305181904896896
CRWD,Technology,Software - Infrastructure,342.1600036621094,515.7999877929688,0.5074818280114725
CSCO,Technology,Communication Equipment,57.71173095703125,,
CSGP,Real Estate,Real Estate Services,71.58999633789062,66.1500015258789,-0.0759881979367064
CSL,Industrials,Building Products & Equipment,364.5675354003906,321.45001220703125,-0.1182703313009071
CSX,Industrials,Railroads,31.76117515563965,,
CTAS,Industrials,Specialty Business Services,181.217025756836,183.1300048828125,0.01055628806392295
CTRA,Energy,Oil & Gas E&P,24.67295455932617,,
CTSH,Technology,Information Technology Services,75.67627716064453,80.54000091552734,0.06427012450094721
CTVA,Basic Materials,Agricultural Inputs,56.38154220581055,,
CUBE,Real Estate,REIT - Industrial,40.77478790283203,36.435001373291016,-0.10643308654070506
CUZ,Real Estate,REIT - Office,29.342124938964844,24.264999389648438,-0.17303196547207944
CVLT,Technology,Software - Application,150.91000366210938,,
CVS,Healthcare,Healthcare Plans,43.049072265625,76.30000305175781,0.7723959898825491
CVX,Energy,Oil & Gas Integrated,138.4231414794922,,
CW,Industrials,Aerospace & Defense,354.14862060546875,543.5399780273438,0.5347793169378517
CXT,Industrials,Specialty Industrial Machinery,57.52348327636719,57.790000915527344,0.004633197156710635
CYTK,Healthcare,Biotechnology,47.040000915527344,64.13500213623047,0.3634141345235448
D,Utilities,Utilities - Regulated Electric,51.989234924316406,58.6150016784668,0.12744497517218487
DAL,Industrials,Airlines,59.78211975097656,67.02999877929688,0.12123824077352018
DAR,Consumer Defensive,Packaged Foods,33.689998626708984,,
DASH,Consumer Cyclical,Internet Retail,167.75,224.47000122070312,0.338122212940108
DAY,Technology,Software - Application,72.63999938964844,69.0250015258789,-0.049765940172690676
DBX,Technology,Software - Infrastructure,30.040000915527344,29.075000762939453,-0.03212383898727156
DCI,Industrials,Specialty Industrial Machinery,66.5195541381836,92.19999694824219,0.3860585528987707
DD,Basic Materials,Specialty Chemicals,31.229293823242188,,
DDOG,Technology,Software - Application,142.88999938964844,,
DE,Industrials,Farm & Heavy Construction Machinery,419.4276428222656,475.3800048828125,0.13340170353115458
DECK,Consumer Cyclical,Footwear & Accessories,203.08999633789065,100.70999908447266,-0.5041114732361481
DELL,Technology,Computer Hardware,113.18132019042967,,
DG,Consumer Defensive,Discount Stores,73.92154693603516,,
DGX,Healthcare,Diagnostics & Research,148.0608673095703,,
DHI,Consumer Cyclical,Residential Construction,138.17721557617188,,
DHR,Healthcare,Diagnostics & Research,228.43276977539065,,
DINO,Energy,Oil & Gas Refining & Marketing,33.358245849609375,49.220001220703125,0.47549728611642483
DIS,Communication Services,Entertainment,110.8771743774414,,
DKS,Consumer Cyclical,Specialty Retail,224.8347930908203,220.5399932861328,-0.019102024849653267
DLB,Industrials,Specialty Business Services,76.69512939453125,66.97000122070312,-0.12680242214340115
DLR,Real Estate,REIT - Specialty,173.40435791015625,163.74000549316406,-0.05573304231488492
DLTR,Consumer Defensive,Discount Stores,74.94000244140625,,
DOC,Real Estate,REIT - Healthcare Facilities,19.07174491882324,,
DOCS,Healthcare,Health Information Services,53.38999938964844,,
DOCU,Technology,Software - Application,89.94000244140625,65.36000061035156,-0.2732933195890001
DOV,Industrials,Specialty Industrial Machinery,185.51821899414065,191.39999389648438,0.03170456753107084
DOW,Basic Materials,Chemicals,37.33880233764648,22.875,-0.38736653111831315
DPZ,Consumer Cyclical,Restaurants,414.8403015136719,,
DRI,Consumer Cyclical,Restaurants,181.2003936767578,179.7899932861328,-0.007783649704100555
DT,Technology,Software - Application,54.34999847412109,,
DTE,Utilities,Utilities - Regulated Electric,117.86502075195312,130.24000549316406,0.10499285252114014
DTM,Energy,Oil & Gas Midstream,97.07106018066406,120.56500244140625,0.2420282854335409
DUK,Utilities,Utilities - Regulated Electric,103.97926330566406,115.33999633789062,0.10925960303094116
DUOL,Technology,Software - Application,324.2300109863281,,
DVA,Healthcare,Medical Care Facilities,149.5500030517578,116.87999725341797,-0.2184554004123495
DVN,Energy,Oil & Gas E&P,32.0475959777832,,
DXCM,Healthcare,Medical Devices,77.7699966430664,65.88899993896484,-0.1527709555991194
EA,Communication Services,Electronic Gaming & Multimedia,145.6028594970703,203.86000061035156,0.4001098695074285
EBAY,Consumer Cyclical,Internet Retail,61.01729583740234,,
ECL,Basic Materials,Specialty Chemicals,232.5845184326172,,
ED,Utilities,Utilities - Regulated Electric,86.25337219238281,95.625,0.10865230621609033
EEFT,Technology,Software - Infrastructure,102.83999633789062,,
EFX,Industrials,Consulting Services,252.8465576171875,,
EG,Financial Services,Insurance - Reinsurance,358.3417663574219,308.1499938964844,-0.14006676634750573
EGP,Real Estate,REIT - Industrial,156.4412078857422,178.72000122070312,0.14241000588049918
EHC,Healthcare,Medical Care Facilities,91.76023864746094,112.1449966430664,0.22215240823340565
EIX,Utilities,Utilities - Regulated Electric,75.41959381103516,56.790000915527344,-0.24701263894611417
EL,Consumer Defensive,Household & Personal Products,73.68051147460938,,
ELAN,Healthcare,Drug Manufacturers - Specialty & Generic,12.109999656677246,,
ELF,Consumer Defensive,Household & Personal Products,125.5500030517578,77.7750015258789,-0.38052568988137514
ELS,Real Estate,REIT - Residential,64.97219848632812,60.52000045776367,-0.06852466335276178
ELV,Healthcare,Healthcare Plans,363.76214599609375,330.1499938964844,-0.09240145647252235
EME,Industrials,Engineering & Construction,453.0057678222656,632.3499755859375,0.39589828762188434
EMR,Industrials,Specialty Industrial Machinery,121.85437774658205,135.77999877929688,0.11428084316901316
ENS,Industrials,Electrical Equipment & Parts,91.71895599365234,146.77000427246094,0.6002145105382419
ENSG,Healthcare,Medical Care Facilities,132.69168090820312,175.60000610351562,0.3233686158893166
ENTG,Technology,Semiconductor Equipment & Materials,98.61839294433594,88.5105972290039,-0.10249402179000489
EOG,Energy,Oil & Gas E&P,118.48262786865234,110.52999877929688,-0.06712063390568622
EPAM,Technology,Information Technology Services,233.82000732421875,,
EPR,Real Estate,REIT - Specialty,41.64722442626953,50.92499923706055,0.22277054326191634
EQH,Financial Services,Asset Management,46.18444061279297,,
EQIX,Real Estate,REIT - Specialty,921.7508544921876,742.3699951171875,-0.19460883437295526
EQR,Real Estate,REIT - Residential,68.94731903076172,60.310001373291016,-0.12527416263447538
EQT,Energy,Oil & Gas E&P,45.56262969970703,,
ERIE,Financial Services,Insurance Brokers,406.0457153320313,286.75,-0.29379872961959697
ES,Utilities,Utilities - Regulated Electric,55.41731262207031,,
ESAB,Industrials,Metal Fabrication,119.65262603759766,109.0,-0.08902960503558319
ESNT,Financial Services,Insurance - Specialty,53.83981704711914,61.97999954223633,0.15119261062854508
ESS,Real Estate,REIT - Residential,275.4018859863281,252.64500427246094,-0.08263153911370424
ETN,Industrials,Specialty Industrial Machinery,328.5546875,,
ETR,Utilities,Utilities - Regulated Electric,73.74081420898438,,
EVR,Financial Services,Capital Markets,273.836181640625,329.69000244140625,0.20396800914381086
EVRG,Utilities,Utilities - Regulated Electric,59.20395660400391,73.69499969482422,0.24476477455292722
EW,Healthcare,Medical Devices,74.02999877929688,84.54000091552734,0.1419695030330013
EWBC,Financial Services,Banks - Regional,93.41537475585938,110.6449966430664,0.18444096522908102
EXC,Utilities,Utilities - Regulated Electric,36.31967926025391,,
EXE,Energy,Oil & Gas E&P,96.50779724121094,,
EXEL,Healthcare,Biotechnology,33.29999923706055,42.220001220703125,0.2678679335738616
EXLS,Technology,Information Technology Services,44.380001068115234,40.29499816894531,-0.09204602976237393
EXP,Basic Materials,Building Materials,245.8924865722656,,
EXPD,Industrials,Integrated Freight & Logistics,109.4367446899414,,
EXPE,Consumer Cyclical,Travel Services,184.8380126953125,,
EXPO,Industrials,Engineering & Construction,88.06884002685547,72.2699966430664,-0.17939197767304993
EXR,Real Estate,REIT - Industrial,144.7101287841797,129.2100067138672,-0.10711152149846637
F,Consumer Cyclical,Auto Manufacturers,9.217034339904783,,
FAF,Financial Services,Insurance - Specialty,60.81111526489258,62.525001525878906,0.028183766298655395
FANG,Energy,Oil & Gas E&P,159.3070526123047,157.4600067138672,-0.011594250650864382
FAST,Industrials,Industrial Distribution,35.20704650878906,,
FBIN,Industrials,Building Products & Equipment,67.06149291992188,49.54499816894531,-0.2612004891077061
FCFS,Financial Services,Credit Services,102.37818145751952,156.71499633789062,0.5307460447802295
FCN,Industrials,Consulting Services,191.1300048828125,166.60499572753906,-0.12831585061859047
FCX,Basic Materials,Copper,37.50811004638672,44.9192008972168,0.19758635776808522
FDS,Financial Services,Financial Data & Stock Exchanges,474.7599487304688,,
FDX,Industrials,Integrated Freight & Logistics,276.2359924316406,276.5,0.0009557319668424752
FE,Utilities,Utilities - Regulated Electric,38.179931640625,,
FFIN,Financial Services,Banks - Regional,35.48548126220703,31.190000534057617,-0.1210489635580683
FFIV,Technology,Software - Infrastructure,251.47000122070312,248.7740020751953,-0.01072095730075439
FHI,Financial Services,Asset Management,39.914676666259766,50.23500061035156,0.25855962783773867
FHN,Financial Services,Banks - Regional,19.694316864013672,22.825000762939453,0.15896382294154643
FICO,Technology,Software - Application,1990.9300537109373,1762.93505859375,-0.1145168282995289
FIS,Technology,Information Technology Services,79.45764923095703,65.79010009765625,-0.1720104894315933
FISV,,,205.4199981689453,,
FITB,Financial Services,Banks - Regional,41.137969970703125,45.244998931884766,0.09983547958507695
FIVE,Consumer Cyclical,Specialty Retail,104.95999908447266,176.1300048828125,0.678067896523719
FIX,Industrials,Engineering & Construction,422.5635070800781,,
FLEX,Technology,Electronic Components,38.38999938964844,,
FLG,Financial Services,Banks - Regional,9.306708335876465,12.8149995803833,0.3769637038030633
FLO,Consumer Defensive,Packaged Foods,19.300413131713867,,
FLR,Industrials,Engineering & Construction,49.31999969482422,,
FLS,Industrials,Specialty Industrial Machinery,56.82535934448242,71.27999877929688,0.2543695209596234
FN,Technology,Electronic Components,219.8800048828125,,
FNB,Financial Services,Banks - Regional,14.325093269348145,16.985000610351562,0.18568167696994378
FND,Consumer Cyclical,Home Improvement Retail,99.6999969482422,,
FNF,Financial Services,Insurance - Specialty,54.74292755126953,56.97999954223633,0.04086504122147405
FOUR,Technology,Software - Infrastructure,103.77999877929688,,
FOX,Communication Services,Entertainment,45.276180267333984,61.23500061035156,0.35247718002685846
FOXA,Communication Services,Entertainment,48.12495422363281,68.9749984741211,0.4332480848418015
FR,Real Estate,REIT - Industrial,48.83683013916016,,
FRT,Real Estate,REIT - Retail,107.12590026855467,96.13500213623047,-0.10259795348063395
FSLR,Technology,Solar,176.24000549316406,,
FTI,Energy,Oil & Gas Equipment & Services,28.76763343811035,45.290000915527344,0.5743387794815523
FTNT,Technology,Software - Infrastructure,94.4800033569336,,
FTV,Technology,Scientific & Technical Instruments,56.26634979248047,,
FYBR,Communication Services,Telecom Services,34.70000076293945,38.005001068115234,0.09524496347290032
G,Technology,Information Technology Services,42.46752548217773,46.310001373291016,0.09048033403137307
GAP,Consumer Cyclical,Apparel Retail,22.91104888916016,,
GATX,Industrials,Rental & Leasing Services,153.2295379638672,,
GBCI,Financial Services,Banks - Regional,49.098968505859375,43.150001525878906,-0.1211627690156165
GD,Industrials,Aerospace & Defense,258.1867980957031,,
GDDY,Technology,Software - Infrastructure,197.3699951171875,,
GE,Industrials,Aerospace & Defense,166.03460693359375,,
GEF,Consumer Cyclical,Packaging & Containers,59.4735221862793,64.98999786376953,0.09275515346496327
GEHC,Healthcare,Health Information Services,78.03620147705078,83.44999694824219,0.06937543561475783
GEN,Technology,Software - Infrastructure,26.90523338317871,,
GEV,Industrials,Specialty Industrial Machinery,328.3995056152344,,
GGG,Industrials,Specialty Industrial Machinery,83.18338012695312,83.08000183105469,-0.0012427758494625155
GHC,Consumer Defensive,Education & Training Services,865.1554565429688,1081.469970703125,0.25002964787914134
GILD,Healthcare,Drug Manufacturers - General,90.45137786865234,121.1135025024414,0.3389901332217915
GIS,Consumer Defensive,Packaged Foods,60.98002243041992,,
GL,Financial Services,Insurance - Life,110.59039306640624,133.31500244140625,0.20548447966320693
GLPI,Real Estate,REIT - Specialty,45.887603759765625,41.88999938964844,-0.08711730494897399
GLW,Technology,Electronic Components,46.63371658325195,88.05000305175781,0.8881189298855952
GM,Consumer Cyclical,Auto Manufacturers,52.82926177978516,,
GME,Consumer Cyclical,Specialty Retail,31.34000015258789,23.239999771118164,-0.2584556586481341
GMED,Healthcare,Medical Devices,82.70999908447266,89.2249984741211,0.078769187060377
GNRC,Industrials,Specialty Industrial Machinery,155.0500030517578,164.11000061035156,0.05843274672861115
GNTX,Consumer Cyclical,Auto Parts,28.164804458618164,,
GOOG,Communication Services,Internet Content & Information,189.8252410888672,,
GOOGL,Communication Services,Internet Content & Information,188.6848602294922,,
GPC,Consumer Cyclical,Auto Parts,114.02198791503906,128.86500549316406,0.13017680054118108
GPK,Consumer Cyclical,Packaging & Containers,26.765867233276367,15.625,-0.41623412147190236
GPN,Industrials,Specialty Business Services,111.07788848876952,77.54000091552734,-0.3019312666951984
GRMN,Technology,Scientific & Technical Instruments,203.8388519287109,201.42999267578125,-0.011817468702051538
GS,Financial Services,Capital Markets,561.1675415039062,,
GT,Consumer Cyclical,Auto Parts,9.0,8.6899995803833,-0.03444449106852213
GTLS,Industrials,Specialty Industrial Machinery,190.83999633789065,205.25,0.07550829982513622
GTM,Technology,Software - Application,10.510000228881836,,
GWRE,Technology,Software - Application,168.5800018310547,200.32000732421875,0.18827859264690747
GWW,Industrials,Industrial Distribution,1044.696533203125,,
GXO,Industrials,Integrated Freight & Logistics,43.5,53.04999923706055,0.21954021234621948
H,Consumer Cyclical,Lodging,156.31825256347656,153.44000244140625,-0.01841275778656452
HAE,Healthcare,Medical Devices,78.08000183105469,83.16999816894531,0.06518950074955282
HAL,Energy,Oil & Gas Equipment & Services,26.40546989440918,,
HALO,Healthcare,Biotechnology,47.810001373291016,62.71500015258789,0.31175482851216835
HAS,Consumer Cyclical,Leisure,53.76431655883789,80.66500091552734,0.5003445794247237
HBAN,Financial Services,Banks - Regional,15.800025939941406,16.885499954223633,0.06870077418912465
HCA,Healthcare,Medical Care Facilities,298.3586730957031,,
HD,Consumer Cyclical,Home Improvement Retail,379.5278625488281,,
HGV,Consumer Cyclical,Resorts & Casinos,38.95000076293945,41.63999938964844,0.06906286454475483
HIG,Financial Services,Insurance - Property & Casualty,107.58334350585938,130.1649932861328,0.20989912605796232
HII,Industrials,Aerospace & Defense,184.646240234375,313.1199951171875,0.695783216163721
HIMS,Healthcare,Drug Manufacturers - Specialty & Generic,24.18000030517578,,
HLI,Financial Services,Capital Markets,171.38673400878906,176.2899932861328,0.02860932793720371
HLNE,Financial Services,Asset Management,146.42098999023438,,
HLT,Consumer Cyclical,Lodging,246.5973052978516,269.95001220703125,0.09469976519399992
HOG,Consumer Cyclical,Recreational Vehicles,29.52942657470703,,
HOLX,Healthcare,Medical Instruments & Supplies,72.08999633789062,74.90499877929688,0.03904844755730248
HOMB,Financial Services,Banks - Regional,27.526994705200195,,
HON,Industrials,Conglomerates,208.35397338867188,,
HOOD,Financial Services,Capital Markets,37.2599983215332,,
HPE,Technology,Communication Equipment,20.914649963378903,,
HPQ,Technology,Computer Hardware,31.61748313903809,,
HQY,Healthcare,Health Information Services,95.9499969482422,91.44999694824219,-0.046899428276453464
HR,Real Estate,REIT - Healthcare Facilities,15.859251022338867,17.149999618530273,0.08138773983546237
HRB,Consumer Cyclical,Personal Services,51.19878768920898,41.529998779296875,-0.18884800492942072
HRL,Consumer Defensive,Packaged Foods,30.102237701416016,23.940000534057617,-0.20471026866778497
HSIC,Healthcare,Medical Distribution,69.19999694824219,73.19000244140625,0.05765904146135105
HST,Real Estate,REIT - Hotel & Motel,16.85953140258789,17.045000076293945,0.011000820205334163
HSY,Consumer Defensive,Confectioners,163.9732666015625,,
HUBB,Industrials,Electrical Equipment & Parts,413.3982238769531,441.3900146484375,0.06771144420740438
HUM,Healthcare,Healthcare Plans,251.07032775878903,257.4700012207031,0.025489565091349437
HWC,Financial Services,Banks - Regional,53.4356689453125,63.665000915527344,0.1914326548561377
HWM,Industrials,Aerospace & Defense,109.08000183105467,,
HXL,Industrials,Aerospace & Defense,61.99467849731445,78.0199966430664,0.2584950601275584
IBKR,Financial Services,Capital Markets,43.93553924560547,,
IBM,Technology,Information Technology Services,214.293197631836,,
IBOC,Financial Services,Banks - Regional,61.85821533203125,70.10250091552734,0.1332771328633379
ICE,Financial Services,Financial Data & Stock Exchanges,147.78057861328125,156.58999633789062,0.05961147132643355
IDA,Utilities,Utilities - Regulated Electric,106.17937469482422,125.45999908447266,0.18158540154398067
IDXX,Healthcare,Diagnostics & Research,413.4400024414063,,
IEX,Industrials,Specialty Industrial Machinery,206.1669311523437,,
IFF,Basic Materials,Specialty Chemicals,83.12531280517578,65.6500015258789,-0.21022851751853833
ILMN,Healthcare,Diagnostics & Research,133.6300048828125,127.62000274658203,-0.04497494512180083
INCY,Healthcare,Biotechnology,69.06999969482422,98.3949966430664,0.42456923523686746
INGR,Consumer Defensive,Packaged Foods,134.24131774902344,,
INTC,Technology,Semiconductors,20.049999237060547,,
INTU,Technology,Software - Application,624.3743896484375,,
INVH,Real Estate,REIT - Residential,31.1093807220459,26.7450008392334,-0.1402914420510997
IP,Consumer Cyclical,Packaging & Containers,51.711181640625,,
IPGP,Technology,Semiconductor Equipment & Materials,72.72000122070312,81.6449966430664,0.12273095809330607
IQV,Healthcare,Diagnostics & Research,196.509994506836,,
IR,Industrials,Specialty Industrial Machinery,90.37039947509766,,
IRDM,Communication Services,Telecom Services,28.49217414855957,17.510000228881836,-0.3854452756892524
IRM,Real Estate,REIT - Specialty,102.51350402832033,84.0199966430664,-0.18040069511373755
IRT,Real Estate,REIT - Residential,19.298728942871094,16.5049991607666,-0.14476237219428326
ISRG,Healthcare,Medical Instruments & Supplies,521.9600219726562,,
IT,Technology,Information Technology Services,484.4700012207031,,
ITT,Industrials,Specialty Industrial Machinery,141.62335205078125,170.4600067138672,0.20361511181253575
ITW,Industrials,Specialty Industrial Machinery,248.94992065429688,248.30999755859375,-0.0025704892535063353
IVZ,Financial Services,Asset Management,16.739215850830078,,
J,Industrials,Engineering & Construction,131.0363311767578,139.78750610351562,0.06678434025257589
JAZZ,Healthcare,Biotechnology,123.1500015258789,,
JBHT,Industrials,Integrated Freight & Logistics,168.69869995117188,189.50999450683594,0.12336369255772381
JBL,Technology,Electronic Components,143.65330505371094,226.16000366210938,0.5743459823465237
JCI,Industrials,Building Products & Equipment,78.29265594482422,,
JEF,Financial Services,Capital Markets,76.29827117919922,,
JHG,Financial Services,Asset Management,40.92958450317383,44.5,0.08723312342809902
JKHY,Technology,Information Technology Services,172.96917724609375,,
JLL,Real Estate,Real Estate Services,253.13999938964844,,
JNJ,Healthcare,Drug Manufacturers - General,140.32456970214844,,
JPM,Financial Services,Banks - Diversified,234.74078369140625,313.989990234375,0.33760305855990896
K,Consumer Defensive,Packaged Foods,78.72621154785156,83.44000244140625,0.059875749142196934
KBH,Consumer Cyclical,Residential Construction,64.62873077392578,62.4900016784668,-0.03309254366978605
KBR,Industrials,Engineering & Construction,57.36912536621094,43.66999816894531,-0.23878919383585526
KD,Technology,Information Technology Services,34.599998474121094,26.093799591064453,-0.2458439091960889
KDP,Consumer Defensive,Beverages - Non-Alcoholic,31.17189598083496,29.0,-0.06967481163706826
KEX,Industrials,Marine Shipping,105.8000030517578,111.83399963378906,0.05703210215484973
KEY,Financial Services,Banks - Regional,16.352272033691406,,
KEYS,Technology,Scientific & Technical Instruments,160.6300048828125,209.56500244140625,0.3046441889502166
KHC,Consumer Defensive,Packaged Foods,28.97628593444824,,
KIM,Real Estate,REIT - Retail,22.628135681152344,19.899999618530273,-0.12056389006428034
KKR,Financial Services,Asset Management,147.07424926757812,,
KLAC,Technology,Semiconductor Equipment & Materials,624.7797241210938,1226.52001953125,0.9631239174040929
KMB,Consumer Defensive,Household & Personal Products,127.4159164428711,,
KMI,Energy,Oil & Gas Midstream,26.2434024810791,27.364999771118164,0.04273825739050829
KMPR,Financial Services,Insurance - Property & Casualty,64.85546875,39.1349983215332,-0.3965813666016684
KNF,Basic Materials,Building Materials,101.63999938964844,74.73999786376953,-0.2646595994432734
KNSL,Financial Services,Insurance - Property & Casualty,464.3911437988281,354.5899963378906,-0.23644108835224212
KNX,Industrials,Trucking,52.41691589355469,51.130001068115234,-0.02455151745388544
KO,Consumer Defensive,Beverages - Non-Alcoholic,60.47576141357422,,
KR,Consumer Defensive,Grocery Stores,59.9324951171875,,
KRC,Real Estate,REIT - Office,38.6785888671875,40.310001373291016,0.0421786976692809
KRG,Real Estate,REIT - Retail,24.018497467041016,,
KTOS,Industrials,Aerospace & Defense,26.3799991607666,76.22200012207031,1.88938599495601
KVUE,Consumer Defensive,Household & Personal Products,20.500226974487305,,
L,Financial Services,Insurance - Property & Casualty,84.46251678466797,102.29000091552734,0.21106977165160087
LAD,Consumer Cyclical,Auto & Truck Dealerships,354.8348999023437,328.69500732421875,-0.07366776093704161
LAMR,Real Estate,REIT - Specialty,117.0092544555664,131.7899932861328,0.12632110938010727
LDOS,Technology,Information Technology Services,142.9294891357422,184.8300018310547,0.2931551280892006
LEA,Consumer Cyclical,Auto Parts,92.45384979248048,,
LECO,Industrials,Tools & Accessories,185.4667358398437,242.1300048828125,0.3055171526386236
LEN,Consumer Cyclical,Residential Construction,129.7985076904297,,
LFUS,Technology,Electronic Components,232.78651428222656,256.114990234375,0.10021403526780497
LH,Healthcare,Diagnostics & Research,226.803955078125,,
LHX,Industrials,Aerospace & Defense,206.3275604248047,280.19500732421875,0.3580105670194011
LII,Industrials,Building Products & Equipment,605.0827026367188,,
LIN,Basic Materials,Specialty Chemicals,413.1075134277344,389.2099914550781,-0.0578481901100467
LITE,Technology,Communication Equipment,83.94999694824219,,
LIVN,Healthcare,Medical Devices,46.310001373291016,63.494998931884766,0.37108609477401316
LKQ,Consumer Cyclical,Auto Parts,35.52381896972656,,
LLY,Healthcare,Drug Manufacturers - General,766.284423828125,,
LMT,Industrials,Aerospace & Defense,472.0257873535156,,
LNT,Utilities,Utilities - Regulated Electric,57.26796722412109,65.05000305175781,0.135888109965233
LNTH,Healthcare,Drug Manufacturers - Specialty & Generic,89.45999908447266,62.45000076293945,-0.30192263132072017
LOPE,Consumer Defensive,Education & Training Services,163.8000030517578,150.50999450683594,-0.08113558179069431
LOW,Consumer Cyclical,Home Improvement Retail,241.95367431640625,,
LPX,Industrials,Building Products & Equipment,102.2892074584961,84.23999786376953,-0.17645272696095568
LRCX,Technology,Semiconductor Equipment & Materials,71.57451629638672,162.40249633789062,1.2689988663757013
LSCC,Technology,Semiconductors,56.650001525878906,,
LSTR,Industrials,Integrated Freight & Logistics,167.90919494628906,,
LULU,Consumer Cyclical,Apparel Retail,382.4100036621094,,
LUV,Industrials,Airlines,33.04496383666992,,
LVS,Consumer Cyclical,Resorts & Casinos,50.28155899047852,,
LW,Consumer Defensive,Packaged Foods,65.13963317871094,59.720001220703125,-0.0832002222539237
LYB,Basic Materials,Specialty Chemicals,67.61054992675781,,
LYV,Communication Services,Entertainment,129.5,137.8800048828125,0.06471046241554054
M,Consumer Cyclical,Department Stores,16.272010803222656,,
MA,Financial Services,Credit Services,523.561767578125,,
MAA,Real Estate,REIT - Residential,148.34226989746094,130.88999938964844,-0.11764866831197934
MANH,Technology,Software - Application,270.239990234375,176.8800048828125,-0.34547065099651914
MAR,Consumer Cyclical,Lodging,276.24334716796875,,
MAS,Industrials,Building Products & Equipment,71.2387466430664,62.209999084472656,-0.12673928141705323
MASI,Healthcare,Medical Devices,165.3000030517578,139.25,-0.15759227205580378
MAT,Consumer Cyclical,Leisure,17.729999542236328,,
MCD,Consumer Cyclical,Restaurants,283.2825622558594,310.2200012207031,0.09509035342780468
MCHP,Technology,Semiconductors,55.595314025878906,,
MCK,Healthcare,Medical Distribution,567.5083618164062,,
MCO,Financial Services,Financial Data & Stock Exchanges,469.7876586914063,486.8800048828125,0.03638313155994121
MDLZ,Consumer Defensive,Confectioners,58.43389129638672,,
MDT,Healthcare,Medical Devices,78.00688934326172,,
MEDP,Healthcare,Diagnostics & Research,332.2300109863281,550.6500244140625,0.6574361322123989
MET,Financial Services,Insurance - Life,79.57329559326172,,
META,Communication Services,Internet Content & Information,584.1455078125,,
MGM,Consumer Cyclical,Resorts & Casinos,34.650001525878906,,
MHK,Consumer Cyclical,"Furnishings, Fixtures & Appliances",119.12999725341795,,
MIDD,Industrials,Specialty Industrial Machinery,135.4499969482422,,
MKC,Consumer Defensive,Packaged Foods,74.81876373291016,,
MKSI,Technology,Scientific & Technical Instruments,103.51825714111328,164.02000427246094,0.5844548469249565
MLI,Industrials,Metal Fabrication,78.647705078125,111.87000274658203,0.4224191619508228
MLM,Basic Materials,Building Materials,513.5333862304688,617.6099853515625,0.20266763936237087
MMC,Financial Services,Insurance Brokers,209.06900024414065,,
MMM,Industrials,Conglomerates,126.69792938232422,163.8249969482422,0.29303610364367655
MMS,Industrials,Specialty Business Services,73.48287200927734,84.0,0.14312352937695264
MNST,Consumer Defensive,Beverages - Non-Alcoholic,52.560001373291016,,
MO,Consumer Defensive,Tobacco,49.68588638305664,,
MOH,Healthcare,Healthcare Plans,291.04998779296875,,
MORN,Financial Services,Financial Data & Stock Exchanges,334.5877990722656,215.35000610351562,-0.35637220872778014
MOS,Basic Materials,Agricultural Inputs,23.82771873474121,,
MP,Basic Materials,Other Industrial Metals & Mining,15.600000381469728,,
MPC,Energy,Oil & Gas Refining & Marketing,136.4697265625,189.77000427246094,0.39056484579054707
MPWR,Technology,Semiconductors,587.8214111328125,987.1749877929688,0.6793790921813262
MRK,Healthcare,Drug Manufacturers - General,96.69508361816406,,
MRNA,Healthcare,Biotechnology,41.58000183105469,,
MS,Financial Services,Capital Markets,122.29557800292967,,
MSA,Industrials,Security & Protection Services,163.64047241210938,160.22000122070312,-0.020902354661945694
MSCI,Financial Services,Financial Data & Stock Exchanges,592.4886474609375,538.0250244140625,-0.09192348795251096
MSFT,Technology,Software - Infrastructure,418.4134216308594,,
MSI,Technology,Communication Equipment,458.7564697265625,,
MSM,Industrials,Industrial Distribution,71.6319351196289,,
MTB,Financial Services,Banks - Regional,182.4774627685547,195.58749389648438,0.07184465921995965
MTCH,Communication Services,Internet Content & Information,31.958520889282227,,
MTD,Healthcare,Diagnostics & Research,1223.6800537109375,,
MTDR,Energy,Oil & Gas E&P,54.62501907348633,44.63999938964844,-0.18279205853283406
MTG,Financial Services,Insurance - Specialty,23.21318626403809,,
MTN,Consumer Cyclical,Resorts & Casinos,179.70558166503906,143.74000549316406,-0.20013611062405828
MTSI,Technology,Semiconductors,129.91000366210938,186.72000122070312,0.4373027169359046
MTZ,Industrials,Engineering & Construction,136.13999938964844,222.13510131835938,0.6316666836657094
MU,Technology,Semiconductors,83.91897583007812,,
MUR,Energy,Oil & Gas E&P,28.75385856628418,32.459999084472656,0.12889193669938176
MUSA,Consumer Cyclical,Specialty Retail,499.0742492675781,,
MZTI,Consumer Defensive,Packaged Foods,170.4214324951172,158.41000366210938,-0.07048074093234698
NBIX,Healthcare,Drug Manufacturers - Specialty & Generic,136.5,,
NCLH,Consumer Cyclical,Travel Services,25.729999542236328,,
NDAQ,Financial Services,Financial Data & Stock Exchanges,76.5971908569336,,
NDSN,Industrials,Specialty Industrial Machinery,206.16542053222656,234.9600067138672,0.13966738994010697
NEE,Utilities,Utilities - Regulated Electric,69.5213851928711,,
NEM,Basic Materials,Gold,36.5994758605957,89.81500244140625,1.4539969584128465
NEU,Basic Materials,Specialty Chemicals,521.6372680664062,761.52001953125,0.4598650559497713
NFG,Energy,Oil & Gas Integrated,59.55924606323242,81.52999877929688,0.3688890334968093
NFLX,Communication Services,Entertainment,89.13200378417969,,
NI,Utilities,Utilities - Regulated Gas,35.74884033203125,,
NJR,Utilities,Utilities - Regulated Gas,45.28268814086914,44.875,-0.009003178866079473
NKE,Consumer Cyclical,Footwear & Accessories,73.9332046508789,,
NLY,Real Estate,REIT - Mortgage,16.47210121154785,,
NNN,Real Estate,REIT - Retail,38.54842758178711,,
NOC,Industrials,Aerospace & Defense,461.2800903320313,,
NOV,Energy,Oil & Gas Equipment & Services,14.107680320739746,16.0,0.13413400617522844
NOVT,Technology,Scientific & Technical Instruments,152.77000427246094,114.56999969482422,-0.2500491163796009
NOW,Technology,Software - Application,1060.1199951171875,,
NRG,Utilities,Utilities - Independent Power Producers,89.00786590576172,,
NSA,Real Estate,REIT - Industrial,36.03730392456055,29.674999237060547,-0.17654774343881732
NSC,Industrials,Railroads,229.78738403320312,293.8949890136719,0.2789866173471278
NSP,Industrials,Staffing & Employment Services,75.4258041381836,,
NTAP,Technology,Software - Infrastructure,113.7732391357422,,
NTNX,Technology,Software - Infrastructure,61.18000030517578,,
NTRS,Financial Services,Asset Management,100.35968017578124,,
NUE,Basic Materials,Steel,115.22981262207033,159.6649932861328,0.3856222591439993
NVDA,Technology,Semiconductors,134.25328063964844,,
NVR,Consumer Cyclical,Residential Construction,8178.89990234375,7453.009765625,-0.08875156138183554
NVST,Healthcare,Medical Instruments & Supplies,19.290000915527344,20.229999542236328,0.04872983836679549
NVT,Industrials,Electrical Equipment & Parts,67.4106216430664,,
NWE,Utilities,Utilities - Regulated Electric,51.56378936767578,66.16000366210938,0.2830710169564001
NWS,Communication Services,Entertainment,30.23760223388672,29.149999618530273,-0.03596854694178063
NWSA,Communication Services,Entertainment,27.34451103210449,,
NXPI,Technology,Semiconductors,204.92788696289065,,
NXST,Communication Services,Broadcasting,151.5860595703125,192.5399932861328,0.27016952503356034
NXT,Technology,Solar,36.52999877929688,88.0,1.408979001933977
NYT,Communication Services,Publishing,51.39762115478516,64.69999694824219,0.25881306361235284
O,Real Estate,REIT - Retail,50.47535705566406,,
OC,Industrials,Building Products & Equipment,167.08287048339844,112.1404037475586,-0.3288336295449209
ODFL,Industrials,Trucking,175.13951110839844,,
OGE,Utilities,Utilities - Regulated Electric,39.68523025512695,,
OGS,Utilities,Utilities - Regulated Gas,66.84473419189453,78.36499786376953,0.17234362304146802
OHI,Real Estate,REIT - Healthcare Facilities,35.323814392089844,,
OKE,Energy,Oil & Gas Midstream,95.38001251220705,,
OKTA,Technology,Software - Infrastructure,78.80000305175781,87.52749633789062,0.11075498665146467
OLED,Technology,Electronic Components,144.84767150878906,122.44999694824219,-0.15462916543458435
OLLI,Consumer Defensive,Discount Stores,109.7300033569336,117.17500305175781,0.06784835019649879
OLN,Basic Materials,Chemicals,32.62481689453125,,
OMC,Communication Services,Advertising Agencies,83.74565124511719,,
ON,Technology,Semiconductors,63.04999923706055,,
ONB,Financial Services,Banks - Regional,21.299360275268555,,
ONTO,Technology,Semiconductor Equipment & Materials,166.6699981689453,158.75999450683594,-0.04745907331259095
OPCH,Healthcare,Medical Care Facilities,23.200000762939453,,
ORA,Utilities,Utilities - Renewable,67.3341064453125,110.33999633789062,0.6386940016424916
ORCL,Technology,Software - Infrastructure,164.99887084960938,,
ORI,Financial Services,Insurance - Property & Casualty,33.4148063659668,43.560001373291016,0.3036137602059298
ORLY,Consumer Cyclical,Auto Parts,79.05332946777344,,
OSK,Industrials,Farm & Heavy Construction Machinery,93.41519927978516,129.39999389648438,0.38521348660748667
OTIS,Industrials,Specialty Industrial Machinery,90.981201171875,,
OVV,Energy,Oil & Gas E&P,39.60280227661133,42.04999923706055,0.06179353024961285
OXY,Energy,Oil & Gas E&P,48.62620162963867,,
OZK,Financial Services,Banks - Regional,42.83091735839844,,
PAG,Consumer Cyclical,Auto & Truck Dealerships,147.75802612304688,164.64999389648438,0.11432182884854293
PANW,Technology,Software - Infrastructure,181.9600067138672,,
PAYC,Technology,Software - Application,203.5122985839844,,
PAYX,Technology,Software - Application,135.9565887451172,,
PB,Financial Services,Banks - Regional,73.46392059326172,,
PBF,Energy,Oil & Gas Refining & Marketing,25.404090881347656,,
PCAR,Industrials,Farm & Heavy Construction Machinery,102.6553726196289,109.6500015258789,0.06813699787703606
PCG,Utilities,Utilities - Regulated Electric,20.08092498779297,,
PCH,Real Estate,REIT - Specialty,38.00099563598633,39.720001220703125,0.04523580385059507
PCTY,Technology,Software - Application,199.47000122070312,147.82000732421875,-0.2589361486960456
PEG,Utilities,Utilities - Regulated Electric,82.5052490234375,78.8301010131836,-0.044544414491857316
PEGA,Technology,Software - Application,46.51480865478516,59.875,0.28722447176702337
PEN,Healthcare,Medical Devices,237.47999572753903,,
PEP,Consumer Defensive,Beverages - Non-Alcoholic,147.64710998535156,,
PFE,Healthcare,Drug Manufacturers - General,24.73992729187012,,
PFG,Financial Services,Asset Management,74.51729583740234,86.29000091552734,0.15798620905156283
PFGC,Consumer Defensive,Food Distribution,84.55000305175781,,
PG,Consumer Defensive,Household & Personal Products,163.3346710205078,,
PGR,Financial Services,Insurance - Property & Casualty,234.8151092529297,,
PH,Industrials,Specialty Industrial Machinery,629.888427734375,,
PHM,Consumer Cyclical,Residential Construction,108.2590560913086,,
PII,Consumer Cyclical,Recreational Vehicles,54.57365036010742,67.06999969482422,0.22898137200386826
PK,Real Estate,REIT - Hotel & Motel,13.129656791687012,,
PKG,Consumer Cyclical,Packaging & Containers,220.9272003173828,196.86000061035156,-0.10893724119282933
PLD,Real Estate,REIT - Industrial,102.85929107666016,,
PLNT,Consumer Cyclical,Leisure,98.87000274658205,110.0199966430664,0.11277428529119585
PLTR,Technology,Software - Infrastructure,75.62999725341797,,
PM,Consumer Defensive,Tobacco,117.30325317382812,,
PNC,Financial Services,Banks - Regional,185.96669006347656,,
PNFP,Financial Services,Banks - Regional,113.27490234375,96.70999908447266,-0.14623630580592878
PNR,Industrials,Specialty Industrial Machinery,99.62793731689452,104.33999633789062,0.04729656307154174
PNW,Utilities,Utilities - Regulated Electric,81.43482208251953,87.37999725341797,0.07300531908664419
PODD,Healthcare,Medical Devices,261.07000732421875,,
POOL,Industrials,Industrial Distribution,335.43902587890625,234.84500122070312,-0.2998876603419354
POR,Utilities,Utilities - Regulated Electric,42.05917739868164,48.470001220703125,0.15242389933718564
POST,Consumer Defensive,Packaged Foods,114.45999908447266,97.44000244140625,-0.1486982070522775
POWI,Technology,Semiconductors,60.57423400878906,36.900001525878906,-0.3908300760266341
PPC,Consumer Defensive,Packaged Foods,38.45167541503906,,
PPG,Basic Materials,Specialty Chemicals,116.37474060058594,,
PPL,Utilities,Utilities - Regulated Electric,31.69669532775879,,
PR,Energy,Oil & Gas E&P,13.919357299804688,14.885499954223633,0.06941000461511983
PRGO,Healthcare,Drug Manufacturers - Specialty & Generic,24.870681762695312,13.164999961853027,-0.4706618786140467
PRI,Financial Services,Insurance - Life,267.2544250488281,252.08999633789062,-0.056741543973189285
PRU,Financial Services,Insurance - Life,112.67858123779295,111.34500122070312,-0.011835257441478507
PSA,Real Estate,REIT - Industrial,290.504150390625,,
PSKY,Communication Services,Entertainment,10.343864440917969,,
PSN,Technology,Information Technology Services,92.25,,
PSTG,Technology,Computer Hardware,61.43000030517578,,
PSX,Energy,Oil & Gas Refining & Marketing,109.80870056152344,,
PTC,Technology,Software - Application,183.8699951171875,,
PVH,Consumer Cyclical,Apparel Manufacturing,105.5483856201172,,
PWR,Industrials,Engineering & Construction,315.6708679199219,,
PYPL,Financial Services,Credit Services,85.15314483642578,,
Q,Technology,Semiconductor Equipment & Materials,,83.58499908447266,
QCOM,Technology,Semiconductors,150.2565460205078,,
QLYS,Technology,Software - Infrastructure,140.22000122070312,148.36500549316406,0.05808732136324036
R,Industrials,Rental & Leasing Services,153.68777465820312,186.5399932861328,0.2137594789240199
RBA,Industrials,Specialty Business Services,89.68868255615234,99.9000015258789,0.11385292635259141
RBC,Industrials,Tools & Accessories,299.1400146484375,,
RCL,Consumer Cyclical,Travel Services,228.5399627685547,,
REG,Real Estate,REIT - Retail,71.80339813232422,,
REGN,Healthcare,Biotechnology,708.401123046875,706.8400268554688,-0.0022036896055329263
REXR,Real Estate,REIT - Industrial,37.39332580566406,40.0,0.06970961095792923
RF,Financial Services,Banks - Regional,22.540929794311523,,
RGA,Financial Services,Insurance - Reinsurance,209.68093872070312,188.68499755859375,-0.10013280792335709
RGEN,Healthcare,Medical Instruments & Supplies,143.94000244140625,161.39500427246094,0.12126581586074453
RGLD,Basic Materials,Gold,130.43099975585938,,
RH,Consumer Cyclical,Specialty Retail,393.5899963378906,,
RJF,Financial Services,Asset Management,153.3242950439453,164.42999267578125,0.0724327323902116
RL,Consumer Cyclical,Apparel Manufacturing,228.67404174804688,,
RLI,Financial Services,Insurance - Property & Casualty,79.11800384521484,62.275001525878906,-0.2128845711563617
RMBS,Technology,Semiconductors,52.86000061035156,103.625,0.9603669845532907
RMD,Healthcare,Medical Instruments & Supplies,226.6704864501953,250.5850067138672,0.10550345851455364
RNR,Financial Services,Insurance - Reinsurance,247.5853576660156,,
ROIV,Healthcare,Biotechnology,11.829999923706056,21.045000076293945,0.7789518353353505
ROK,Industrials,Specialty Industrial Machinery,281.1952819824219,402.4624938964844,0.43125621119647084
ROL,Consumer Cyclical,Personal Services,45.79381942749024,,
ROP,Technology,Software - Application,516.6632080078125,448.3299865722656,-0.13225873330332746
ROST,Consumer Cyclical,Apparel Retail,149.95068359375,,
RPM,Basic Materials,Specialty Chemicals,120.82167053222656,102.79000091552734,-0.1492420154204842
RRC,Energy,Oil & Gas E&P,35.721412658691406,,
RRX,Industrials,Specialty Industrial Machinery,153.9264373779297,146.3300018310547,-0.049351077542474156
RS,Basic Materials,Steel,264.7326354980469,,
RSG,Industrials,Waste Management,199.0991973876953,212.7899932861328,0.06876369205938153
RTX,Industrials,Aerospace & Defense,113.60201263427734,,
RVTY,Healthcare,Diagnostics & Research,111.2967758178711,,
RYAN,Financial Services,Insurance - Specialty,63.67626953125,54.165000915527344,-0.14936912425522778
RYN,Real Estate,REIT - Specialty,23.842227935791016,21.708999633789062,-0.08947269138382972
SAIA,Industrials,Trucking,455.7300109863281,,
SAIC,Technology,Information Technology Services,110.2826690673828,97.83000183105469,-0.11291590366496772
SAM,Consumer Defensive,Beverages - Brewers,299.9800109863281,195.38999938964844,-0.3486566029942791
SATS,Communication Services,Telecom Services,22.89999961853028,,
SBAC,Real Estate,REIT - Specialty,199.677963256836,191.19000244140625,-0.04250825016935943
SBRA,Real Estate,REIT - Healthcare Facilities,16.184694290161133,,
SBUX,Consumer Cyclical,Restaurants,88.89004516601562,,
SCHW,Financial Services,Capital Markets,73.11454010009766,,
SCI,Consumer Cyclical,Personal Services,78.86133575439453,,
SEIC,Financial Services,Asset Management,82.00808715820312,80.88999938964844,-0.013633872064321734
SF,Financial Services,Capital Markets,104.29073333740234,,
SFM,Consumer Defensive,Grocery Stores,127.06999969482422,,
SGI,Consumer Cyclical,"Furnishings, Fixtures & Appliances",56.2176513671875,,
SHC,Healthcare,Diagnostics & Research,13.68000030517578,16.625,0.21527775066715388
SHW,Basic Materials,Specialty Chemicals,336.9286193847656,,
SIGI,Financial Services,Insurance - Property & Casualty,91.73448181152344,77.51499938964844,-0.15500695203239037
SJM,Consumer Defensive,Packaged Foods,105.8128890991211,,
SLAB,Technology,Semiconductors,124.22000122070312,139.56500244140625,0.12353084100715377
SLB,Energy,Oil & Gas Equipment & Services,37.1634407043457,,
SLGN,Consumer Cyclical,Packaging & Containers,51.17226791381836,,
SLM,Financial Services,Credit Services,27.113187789916992,,
SMCI,Technology,Computer Hardware,30.479999542236328,,
SMG,Basic Materials,Agricultural Inputs,63.4289436340332,,
SNA,Industrials,Tools & Accessories,330.4706726074219,346.7250061035156,0.049185403860035906
SNDK,Technology,Computer Hardware,,,
SNPS,Technology,Software - Infrastructure,485.3599853515625,,
SNV,Financial Services,Banks - Regional,50.01172637939453,50.8650016784668,0.01706150458792852
SNX,Technology,Electronics & Computer Distribution,115.7253189086914,154.3350067138672,0.33363215732971335
SO,Utilities,Utilities - Regulated Electric,79.65444946289062,,
SOLS,Basic Materials,Specialty Chemicals,,,
SOLV,Healthcare,Medical Instruments & Supplies,66.05999755859375,83.4749984741211,0.26362400180352147
SON,Consumer Cyclical,Packaging & Containers,46.576019287109375,40.875,-0.12240245891273965
SPG,Real Estate,REIT - Retail,165.91542053222656,179.94500732421875,0.08455866698217573
SPGI,Financial Services,Financial Data & Stock Exchanges,494.3745727539063,,
SR,Utilities,Utilities - Regulated Gas,65.7387924194336,82.54000091552734,0.25557525287195576
SRE,Utilities,Utilities - Diversified,85.55902862548828,,
SSB,Financial Services,Banks - Regional,97.0729522705078,91.6050033569336,-0.056328243714448646
SSD,Basic Materials,Lumber & Wood Production,164.6810760498047,166.3699951171875,0.010255696087825117
ST,Technology,Scientific & Technical Instruments,26.94892311096192,,
STAG,Real Estate,REIT - Industrial,32.55514144897461,,
STE,Healthcare,Medical Devices,204.01773071289065,,
STLD,Basic Materials,Steel,112.76953125,166.44000244140625,0.47593060462780146
STRL,Industrials,Engineering & Construction,168.4499969482422,,
STT,Financial Services,Asset Management,95.17894744873048,,
STWD,Real Estate,REIT - Mortgage,17.62134552001953,,
STX,Technology,Computer Hardware,84.88915252685547,,
STZ,Consumer Defensive,Beverages - Brewers,215.52899169921875,141.67999267578125,-0.34264067419058586
SW,Consumer Cyclical,Packaging & Containers,52.419429779052734,,
SWK,Industrials,Tools & Accessories,76.70991516113281,,
SWKS,Technology,Semiconductors,85.1000747680664,,
SWX,Utilities,Utilities - Regulated Gas,68.43755340576172,,
SYF,Financial Services,Credit Services,63.86434555053711,,
SYK,Healthcare,Medical Devices,357.63946533203125,,
SYNA,Technology,Semiconductors,76.31999969482422,77.55500030517578,0.01618187389006654
SYY,Consumer Defensive,Food Distribution,74.42120361328125,,
T,Communication Services,Telecom Services,21.793720245361328,,
TAP,Consumer Defensive,Beverages - Brewers,55.83950805664063,,
TCBI,Financial Services,Banks - Regional,78.19999694824219,,
TDG,Industrials,Aerospace & Defense,1185.746826171875,,
TDY,Technology,Scientific & Technical Instruments,464.1300048828125,,
TECH,Healthcare,Biotechnology,71.62275695800781,,
TEL,Technology,Electronic Components,141.25039672851562,,
TER,Technology,Semiconductor Equipment & Materials,125.37399291992188,,
TEX,Industrials,Farm & Heavy Construction Machinery,45.52526473999024,,
TFC,Financial Services,Banks - Regional,41.33724594116211,,
TGT,Consumer Defensive,Discount Stores,129.46820068359375,,
THC,Healthcare,Medical Care Facilities,126.2300033569336,206.97999572753906,0.6397052223968749
THG,Financial Services,Insurance - Property & Casualty,152.26148986816406,177.7899932861328,0.16766224631108403
THO,Consumer Cyclical,Recreational Vehicles,93.55398559570312,,
TJX,Consumer Cyclical,Apparel Retail,119.33081817626952,,
TKO,Communication Services,Entertainment,140.8672332763672,202.4499969482422,0.4371688308171417
TKR,Industrials,Tools & Accessories,70.09422302246094,,
TLN,Utilities,Utilities - Independent Power Producers,201.47000122070312,,
TMHC,Consumer Cyclical,Residential Construction,61.209999084472656,61.33000183105469,0.0019605088772574864
TMO,Healthcare,Diagnostics & Research,518.78662109375,,
TMUS,Communication Services,Telecom Services,217.3391265869141,,
TNL,Consumer Cyclical,Travel Services,48.86894989013672,68.04499816894531,0.3923973877465888
TOL,Consumer Cyclical,Residential Construction,124.8844223022461,136.53500366210938,0.09329090966739205
TPL,Energy,Oil & Gas E&P,1099.204833984375,898.3250122070312,-0.1827501258789035
TPR,Consumer Cyclical,Luxury Goods,64.5165023803711,,
TREX,Industrials,Building Products & Equipment,69.02999877929688,,
TRGP,Energy,Oil & Gas Midstream,174.63226318359375,,
TRMB,Technology,Scientific & Technical Instruments,70.66000366210938,,
TROW,Financial Services,Asset Management,108.70902252197266,,
TRU,Financial Services,Financial Data & Stock Exchanges,92.21424865722656,,
TRV,Financial Services,Insurance - Property & Casualty,237.9622344970703,,
TSCO,Consumer Cyclical,Specialty Retail,52.18052291870117,,
TSLA,Consumer Cyclical,Auto Manufacturers,403.8399963378906,,
TSN,Consumer Defensive,Farm Products,55.46686935424805,,
TT,Industrials,Building Products & Equipment,366.6941528320313,,
TTC,Industrials,Tools & Accessories,78.85234069824219,,
TTD,Communication Services,Advertising Agencies,117.52999877929688,,
TTEK,Industrials,Engineering & Construction,39.54934310913086,,
TTWO,Communication Services,Electronic Gaming & Multimedia,184.0800018310547,,
TWLO,Technology,Software - Infrastructure,108.08000183105467,,
TXN,Technology,Semiconductors,181.6135406494141,,
TXNM,Utilities,Utilities - Regulated Electric,47.6963005065918,58.43000030517578,0.22504260675522517
TXRH,Consumer Cyclical,Restaurants,177.67318725585938,165.5399932861328,-0.06828939221005859
TXT,Industrials,Aerospace & Defense,76.43050384521484,83.90499877929688,0.09779465734282208
TYL,Technology,Software - Application,576.6400146484375,,
UA,Consumer Cyclical,Apparel Manufacturing,7.460000038146973,,
UAA,Consumer Cyclical,Apparel Manufacturing,8.279999732971191,,
UAL,Industrials,Airlines,97.0999984741211,,
UBER,Technology,Software - Application,60.31999969482422,,
UBSI,Financial Services,Banks - Regional,36.40634536743164,38.16999816894531,0.048443555202093945
UDR,Real Estate,REIT - Residential,41.56471633911133,,
UFPI,Basic Materials,Lumber & Wood Production,111.07542419433594,90.08999633789062,-0.18892953152021744
UGI,Utilities,Utilities - Regulated Gas,27.32325553894043,,
UHS,Healthcare,Medical Care Facilities,178.6829376220703,,
ULTA,Consumer Cyclical,Specialty Retail,434.9299926757813,,
UMBF,Financial Services,Banks - Regional,111.6313247680664,114.37999725341797,0.02462277045499917
UNH,Healthcare,Healthcare Plans,497.0211486816406,,
UNM,Financial Services,Insurance - Life,71.39189910888672,,
UNP,Industrials,Railroads,224.02821350097656,,
UPS,Industrials,Integrated Freight & Logistics,117.99014282226562,,
URI,Industrials,Rental & Leasing Services,698.1897583007812,784.8200073242188,0.12407837266801765
USB,Financial Services,Banks - Regional,46.25146865844727,,
USFD,Consumer Defensive,Food Distribution,67.45999908447266,,
UTHR,Healthcare,Drug Manufacturers - Specialty & Generic,352.8399963378906,477.989990234375,0.3546933318087806
V,Financial Services,Credit Services,313.8111267089844,,
VAC,Consumer Cyclical,Resorts & Casinos,86.87396240234375,53.064998626708984,-0.38917257646259545
VAL,Energy,Oil & Gas Equipment & Services,44.2400016784668,,
VC,Consumer Cyclical,Auto Parts,88.27583312988281,,
VFC,Consumer Cyclical,Apparel Manufacturing,21.08613014221192,,
VICI,Real Estate,REIT - Diversified,28.04080390930176,,
VLO,Energy,Oil & Gas Refining & Marketing,118.84691619873048,,
VLTO,Industrials,Pollution & Treatment Controls,101.5162353515625,99.50499725341797,-0.019811984666091884
VLY,Financial Services,Banks - Regional,8.743232727050781,,
VMC,Basic Materials,Building Materials,255.33566284179688,,
VMI,Industrials,Conglomerates,304.7795715332031,,
VNO,Real Estate,REIT - Office,42.040000915527344,34.04999923706055,-0.19005712427365135
VNOM,Energy,Oil & Gas Midstream,46.30722427368164,,
VNT,Technology,Scientific & Technical Instruments,36.37081146240234,,
VOYA,Financial Services,Financial Conglomerates,67.07732391357422,,
VRSK,Industrials,Consulting Services,274.1363220214844,,
VRSN,Technology,Software - Infrastructure,205.1699981689453,,
VRTX,Healthcare,Biotechnology,402.7000122070313,,
VST,Utilities,Utilities - Independent Power Producers,137.3101348876953,,
VTR,Real Estate,REIT - Healthcare Facilities,57.62995910644531,,
VTRS,Healthcare,Drug Manufacturers - Specialty & Generic,11.848030090332031,,
VVV,Consumer Cyclical,Auto & Truck Dealerships,36.18000030517578,,
VZ,Communication Services,Telecom Services,37.41407775878906,,
WAB,Industrials,Railroads,188.63552856445312,211.92999267578125,0.12348927208253273
WAL,Financial Services,Banks - Regional,81.97955322265625,,
WAT,Healthcare,Diagnostics & Research,370.9800109863281,,
WBD,Communication Services,Entertainment,10.56999969482422,,
WBS,Financial Services,Banks - Regional,53.65129852294922,,
WCC,Industrials,Industrial Distribution,179.60763549804688,270.6449890136719,0.5068679472516912
WDAY,Technology,Software - Application,258.0299987792969,,
WDC,Technology,Computer Hardware,44.89957046508789,,
WEC,Utilities,Utilities - Regulated Electric,90.94347381591795,,
WELL,Real Estate,REIT - Healthcare Facilities,123.8571548461914,,
WEX,Technology,Software - Infrastructure,175.32000732421875,,
WFC,Financial Services,Banks - Diversified,68.74613952636719,,
WFRD,Energy,Oil & Gas Equipment & Services,70.41466522216797,76.98999786376953,0.09338015910258868
WH,Consumer Cyclical,Lodging,99.35103607177734,,
WHR,Consumer Cyclical,"Furnishings, Fixtures & Appliances",107.72660064697266,,
WING,Consumer Cyclical,Restaurants,282.9667053222656,,
WLK,Basic Materials,Specialty Chemicals,111.64097595214844,67.49500274658203,-0.39542804807159926
WM,Industrials,Waste Management,199.59950256347656,,
WMB,Energy,Oil & Gas Midstream,52.74366760253906,,
WMG,Communication Services,Entertainment,30.25776481628418,27.579999923706055,-0.0884984369743333
WMS,Industrials,Building Products & Equipment,114.96965789794922,147.8800048828125,0.2862524564009364
WMT,Consumer Defensive,Discount Stores,89.67579650878906,,
WPC,Real Estate,REIT - Diversified,52.230255126953125,65.37000274658203,0.2515734910291145
WRB,Financial Services,Insurance - Property & Casualty,57.90711975097656,,
WSM,Consumer Cyclical,Specialty Retail,182.40744018554688,,
WSO,Industrials,Industrial Distribution,461.6829833984375,,
WST,Healthcare,Medical Instruments & Supplies,326.4991455078125,269.93499755859375,-0.1732443981170091
WTFC,Financial Services,Banks - Regional,122.71648406982422,137.3699951171875,0.11940947590240288
WTRG,Utilities,Utilities - Regulated Water,35.0622673034668,,
WTS,Industrials,Specialty Industrial Machinery,201.6999969482422,270.42999267578125,0.3407535784206071
WTW,Financial Services,Insurance Brokers,310.6041259765625,,
WWD,Industrials,Aerospace & Defense,165.58529663085938,298.95001220703125,0.8054139968325986
WY,Real Estate,REIT - Specialty,27.24507141113281,,
WYNN,Consumer Cyclical,Resorts & Casinos,85.33010864257812,127.81999969482422,0.49794722786798884
XEL,Utilities,Utilities - Regulated Electric,65.34947967529297,76.08999633789062,0.16435504484450214
XOM,Energy,Oil & Gas Integrated,103.76180267333984,,
XPO,Industrials,Trucking,131.14999389648438,,
XRAY,Healthcare,Medical Instruments & Supplies,18.3574161529541,,
XYL,Industrials,Specialty Industrial Machinery,114.64995574951172,,
XYZ,Technology,Software - Infrastructure,84.98999786376953,,
YETI,Consumer Cyclical,Leisure,38.5099983215332,,
YUM,Consumer Cyclical,Restaurants,131.61204528808594,,
ZBH,Healthcare,Medical Devices,104.87481689453124,94.27999877929688,-0.10102347187780249
ZBRA,Technology,Communication Equipment,386.2200012207031,264.80999755859375,-0.314354521460245
ZION,Financial Services,Banks - Regional,52.46247482299805,55.45000076293945,0.05694595899299361
ZTS,Healthcare,Drug Manufacturers - Specialty & Generic,160.793212890625,118.6500015258789,-0.26209571042910135
